"dataset","column","class","n","n_na","n_unique","na_pct"
"2023-FRED-CA-tax-collected","observation_date","character",126,0,126,0
"2023-FRED-CA-tax-collected","total_tax_collected_CA","integer",126,0,126,0
"2024-CA-GDP-TOTAL","year","numeric",26,0,26,0
"2024-CA-GDP-TOTAL","gdp_nominal_dollars","numeric",26,0,26,0
"2024-CA-income-tax-by-zip","TaxYear","integer",75355,0,32,0
"2024-CA-income-tax-by-zip","ZipCode","character",75355,0,2538,0
"2024-CA-income-tax-by-zip","State","character",75355,0,1,0
"2024-CA-income-tax-by-zip","City","character",75355,0,1306,0
"2024-CA-income-tax-by-zip","County","character",75355,0,63,0
"2024-CA-income-tax-by-zip","Returns","integer",75355,0,20982,0
"2024-CA-income-tax-by-zip","CAAGI","numeric",75355,0,75340,0
"2024-CA-income-tax-by-zip","TotalTaxLiability","integer",75355,0,74797,0
"2024-CA-income-tax-by-zip","CountyLatitude","numeric",75355,68,58,0.09
"2024-CA-income-tax-by-zip","CountyLongitude","numeric",75355,68,58,0.09
"2024-CA-income-tax-by-zip","GeoCounty","character",75355,0,59,0
"2024-CA-income-tax-by-zip","GeoCity","character",75355,0,1256,0
"2024-CA-income-tax-by-zip","GeoZipCode","character",75355,0,2379,0
"2025-BEA-GDP-CA-by-NAICS","GeoFips","character",99,0,7,0
"2025-BEA-GDP-CA-by-NAICS","GeoName","character",99,0,2,0
"2025-BEA-GDP-CA-by-NAICS","LineCode","integer",99,7,92,7.07
"2025-BEA-GDP-CA-by-NAICS","Description","character",99,0,94,0
"2025-BEA-GDP-CA-by-NAICS","1997","numeric",99,7,92,7.07
"2025-BEA-GDP-CA-by-NAICS","1998","numeric",99,7,92,7.07
"2025-BEA-GDP-CA-by-NAICS","1999","numeric",99,7,92,7.07
"2025-BEA-GDP-CA-by-NAICS","2000","numeric",99,7,92,7.07
"2025-BEA-GDP-CA-by-NAICS","2001","numeric",99,7,92,7.07
"2025-BEA-GDP-CA-by-NAICS","2002","numeric",99,7,92,7.07
"2025-BEA-GDP-CA-by-NAICS","2003","numeric",99,7,92,7.07
"2025-BEA-GDP-CA-by-NAICS","2004","numeric",99,7,92,7.07
"2025-BEA-GDP-CA-by-NAICS","2005","numeric",99,7,92,7.07
"2025-BEA-GDP-CA-by-NAICS","2006","numeric",99,7,92,7.07
"2025-BEA-GDP-CA-by-NAICS","2007","numeric",99,7,92,7.07
"2025-BEA-GDP-CA-by-NAICS","2008","numeric",99,7,92,7.07
"2025-BEA-GDP-CA-by-NAICS","2009","numeric",99,7,92,7.07
"2025-BEA-GDP-CA-by-NAICS","2010","numeric",99,7,92,7.07
"2025-BEA-GDP-CA-by-NAICS","2011","numeric",99,7,92,7.07
"2025-BEA-GDP-CA-by-NAICS","2012","numeric",99,7,92,7.07
"2025-BEA-GDP-CA-by-NAICS","2013","numeric",99,7,92,7.07
"2025-BEA-GDP-CA-by-NAICS","2014","numeric",99,7,92,7.07
"2025-BEA-GDP-CA-by-NAICS","2015","numeric",99,7,92,7.07
"2025-BEA-GDP-CA-by-NAICS","2016","numeric",99,7,92,7.07
"2025-BEA-GDP-CA-by-NAICS","2017","numeric",99,7,92,7.07
"2025-BEA-GDP-CA-by-NAICS","2018","numeric",99,7,92,7.07
"2025-BEA-GDP-CA-by-NAICS","2019","numeric",99,7,92,7.07
"2025-BEA-GDP-CA-by-NAICS","2020","numeric",99,7,92,7.07
"2025-BEA-GDP-CA-by-NAICS","2021","numeric",99,7,92,7.07
"2025-BEA-GDP-CA-by-NAICS","2022","numeric",99,7,92,7.07
"2025-BEA-GDP-CA-by-NAICS","2023","numeric",99,7,92,7.07
"2025-BEA-GDP-CA-by-NAICS","2024","numeric",99,7,92,7.07
"BLS_CES_tables_per_yr","...1","numeric",7,1,6,14.29
"BLS_CES_tables_per_yr","q1","numeric",7,0,7,0
"BLS_CES_tables_per_yr","q2","numeric",7,0,7,0
"BLS_CES_tables_per_yr","q3","numeric",7,0,7,0
"BLS_CES_tables_per_yr","q4","numeric",7,0,7,0
"BLS_CES_tables_per_yr","q5","numeric",7,0,7,0
"BLS-CES-by-quartile","Year","numeric",6,0,6,0
"BLS-CES-by-quartile","Lowest 20 Percent","numeric",6,0,6,0
"BLS-CES-by-quartile","Second 20 Percent","numeric",6,0,6,0
"BLS-CES-by-quartile","Third 20 Percent","numeric",6,0,6,0
"BLS-CES-by-quartile","Fourth 20 Percent","numeric",6,0,6,0
"BLS-CES-by-quartile","Highest 20 Percent","numeric",6,0,6,0
"CA_Exports_Imports-onetable","year","numeric",22,0,22,0
"CA_Exports_Imports-onetable","exports_mill_dollars","numeric",22,0,22,0
"CA_Exports_Imports-onetable","imports_mill_dollars","numeric",22,6,16,27.27
"CA-county-pop-estimates-final","County","character",58,0,58,0
"CA-county-pop-estimates-final","36617","numeric",58,0,58,0
"CA-county-pop-estimates-final","36892","numeric",58,0,58,0
"CA-county-pop-estimates-final","37257","numeric",58,0,58,0
"CA-county-pop-estimates-final","37622","numeric",58,0,58,0
"CA-county-pop-estimates-final","37987","numeric",58,0,58,0
"CA-county-pop-estimates-final","38353","numeric",58,0,58,0
"CA-county-pop-estimates-final","38718","numeric",58,0,58,0
"CA-county-pop-estimates-final","39083","numeric",58,0,58,0
"CA-county-pop-estimates-final","39448","numeric",58,0,58,0
"CA-county-pop-estimates-final","39814","numeric",58,0,58,0
"CA-county-pop-estimates-final","40269","numeric",58,0,58,0
"CA-county-pop-estimates-final","1/1/2011","numeric",58,0,58,0
"CA-county-pop-estimates-final","1/1/2012","numeric",58,0,58,0
"CA-county-pop-estimates-final","1/1/2013","numeric",58,0,58,0
"CA-county-pop-estimates-final","1/1/2014","numeric",58,0,58,0
"CA-county-pop-estimates-final","1/1/2015","numeric",58,0,58,0
"CA-county-pop-estimates-final","1/1/2016","numeric",58,0,58,0
"CA-county-pop-estimates-final","1/1/2017","numeric",58,0,58,0
"CA-county-pop-estimates-final","1/1/2018","numeric",58,0,58,0
"CA-county-pop-estimates-final","1/1/2019","numeric",58,0,58,0
"CA-county-pop-estimates-final","1/1/2020","numeric",58,0,58,0
"CA-county-pop-estimates-final","1/1/2021","numeric",58,0,58,0
"CA-county-pop-estimates-final","1/1/2022","numeric",58,0,58,0
"CA-county-pop-estimates-final","1/1/2023","numeric",58,0,58,0
"CA-county-pop-estimates-final","1/1/2024","numeric",58,0,58,0
"CA-county-pop-estimates-final","1/1/2025","numeric",58,0,58,0
"ca-cpe-disagg-annual","observation_date","character",28,0,28,0
"ca-cpe-disagg-annual","CAPCEPC_20151201","integer",28,10,18,35.71
"ca-cpe-disagg-annual","CAPCEPC_20161004","integer",28,9,19,32.14
"ca-cpe-disagg-annual","CAPCEPC_20171004","integer",28,8,20,28.57
"ca-cpe-disagg-annual","CAPCEPC_20181004","integer",28,7,21,25
"ca-cpe-disagg-annual","CAPCEPC_20191003","integer",28,6,22,21.43
"ca-cpe-disagg-annual","CAPCEPC_20201008","integer",28,5,23,17.86
"ca-cpe-disagg-annual","CAPCEPC_20211008","integer",28,4,24,14.29
"ca-cpe-disagg-annual","CAPCEPC_20221006","integer",28,3,25,10.71
"ca-cpe-disagg-annual","CAPCEPC_20231004","integer",28,2,26,7.14
"ca-cpe-disagg-annual","CAPCEPC_20241003","integer",28,1,27,3.57
"ca-cpe-disagg-annual","CAPCEPC_20250220","integer",28,1,27,3.57
"ca-cpe-disagg-annual","CAPCEPC_20250926","integer",28,0,28,0
"ca-cpe-disagg-annual","CAPCEPCCLTH_20151201","integer",28,10,18,35.71
"ca-cpe-disagg-annual","CAPCEPCCLTH_20161004","integer",28,9,19,32.14
"ca-cpe-disagg-annual","CAPCEPCCLTH_20171004","integer",28,8,20,28.57
"ca-cpe-disagg-annual","CAPCEPCCLTH_20181004","integer",28,7,21,25
"ca-cpe-disagg-annual","CAPCEPCCLTH_20191003","integer",28,6,21,21.43
"ca-cpe-disagg-annual","CAPCEPCCLTH_20201008","integer",28,5,21,17.86
"ca-cpe-disagg-annual","CAPCEPCCLTH_20211008","integer",28,4,23,14.29
"ca-cpe-disagg-annual","CAPCEPCCLTH_20221006","integer",28,3,24,10.71
"ca-cpe-disagg-annual","CAPCEPCCLTH_20231004","integer",28,2,25,7.14
"ca-cpe-disagg-annual","CAPCEPCCLTH_20241003","integer",28,1,26,3.57
"ca-cpe-disagg-annual","CAPCEPCCLTH_20250926","integer",28,0,27,0
"ca-cpe-disagg-annual","CAPCEPCDURG_20151201","integer",28,10,18,35.71
"ca-cpe-disagg-annual","CAPCEPCDURG_20161004","integer",28,9,19,32.14
"ca-cpe-disagg-annual","CAPCEPCDURG_20171004","integer",28,8,19,28.57
"ca-cpe-disagg-annual","CAPCEPCDURG_20181004","integer",28,7,21,25
"ca-cpe-disagg-annual","CAPCEPCDURG_20191003","integer",28,6,22,21.43
"ca-cpe-disagg-annual","CAPCEPCDURG_20201008","integer",28,5,23,17.86
"ca-cpe-disagg-annual","CAPCEPCDURG_20211008","integer",28,4,23,14.29
"ca-cpe-disagg-annual","CAPCEPCDURG_20221006","integer",28,3,25,10.71
"ca-cpe-disagg-annual","CAPCEPCDURG_20231004","integer",28,2,26,7.14
"ca-cpe-disagg-annual","CAPCEPCDURG_20241003","integer",28,1,27,3.57
"ca-cpe-disagg-annual","CAPCEPCDURG_20250926","integer",28,0,28,0
"ca-cpe-disagg-annual","CAPCEPCFCENPISH_20151201","integer",28,10,17,35.71
"ca-cpe-disagg-annual","CAPCEPCFCENPISH_20161004","integer",28,9,18,32.14
"ca-cpe-disagg-annual","CAPCEPCFCENPISH_20171004","integer",28,8,18,28.57
"ca-cpe-disagg-annual","CAPCEPCFCENPISH_20181004","integer",28,7,20,25
"ca-cpe-disagg-annual","CAPCEPCFCENPISH_20191003","integer",28,6,21,21.43
"ca-cpe-disagg-annual","CAPCEPCFCENPISH_20201008","integer",28,5,22,17.86
"ca-cpe-disagg-annual","CAPCEPCFCENPISH_20211008","integer",28,4,23,14.29
"ca-cpe-disagg-annual","CAPCEPCFCENPISH_20221006","integer",28,3,24,10.71
"ca-cpe-disagg-annual","CAPCEPCFCENPISH_20231004","integer",28,2,25,7.14
"ca-cpe-disagg-annual","CAPCEPCFCENPISH_20241003","integer",28,1,26,3.57
"ca-cpe-disagg-annual","CAPCEPCFCENPISH_20250926","integer",28,0,27,0
"ca-cpe-disagg-annual","CAPCEPCFDSRVACCMD_20151201","integer",28,10,18,35.71
"ca-cpe-disagg-annual","CAPCEPCFDSRVACCMD_20161004","integer",28,9,19,32.14
"ca-cpe-disagg-annual","CAPCEPCFDSRVACCMD_20171004","integer",28,8,20,28.57
"ca-cpe-disagg-annual","CAPCEPCFDSRVACCMD_20181004","integer",28,7,21,25
"ca-cpe-disagg-annual","CAPCEPCFDSRVACCMD_20191003","integer",28,6,22,21.43
"ca-cpe-disagg-annual","CAPCEPCFDSRVACCMD_20201008","integer",28,5,23,17.86
"ca-cpe-disagg-annual","CAPCEPCFDSRVACCMD_20211008","integer",28,4,24,14.29
"ca-cpe-disagg-annual","CAPCEPCFDSRVACCMD_20221006","integer",28,3,25,10.71
"ca-cpe-disagg-annual","CAPCEPCFDSRVACCMD_20231004","integer",28,2,26,7.14
"ca-cpe-disagg-annual","CAPCEPCFDSRVACCMD_20241003","integer",28,1,27,3.57
"ca-cpe-disagg-annual","CAPCEPCFDSRVACCMD_20250220","integer",28,1,27,3.57
"ca-cpe-disagg-annual","CAPCEPCFDSRVACCMD_20250926","integer",28,0,28,0
"ca-cpe-disagg-annual","CAPCEPCFININS_20151201","integer",28,10,18,35.71
"ca-cpe-disagg-annual","CAPCEPCFININS_20161004","integer",28,9,19,32.14
"ca-cpe-disagg-annual","CAPCEPCFININS_20171004","integer",28,8,20,28.57
"ca-cpe-disagg-annual","CAPCEPCFININS_20181004","integer",28,7,21,25
"ca-cpe-disagg-annual","CAPCEPCFININS_20191003","integer",28,6,22,21.43
"ca-cpe-disagg-annual","CAPCEPCFININS_20201008","integer",28,5,23,17.86
"ca-cpe-disagg-annual","CAPCEPCFININS_20211008","integer",28,4,24,14.29
"ca-cpe-disagg-annual","CAPCEPCFININS_20221006","integer",28,3,25,10.71
"ca-cpe-disagg-annual","CAPCEPCFININS_20231004","integer",28,2,26,7.14
"ca-cpe-disagg-annual","CAPCEPCFININS_20241003","integer",28,1,27,3.57
"ca-cpe-disagg-annual","CAPCEPCFININS_20250926","integer",28,0,28,0
"ca-cpe-disagg-annual","CAPCEPCFOOD_20151201","integer",28,10,18,35.71
"ca-cpe-disagg-annual","CAPCEPCFOOD_20161004","integer",28,9,19,32.14
"ca-cpe-disagg-annual","CAPCEPCFOOD_20171004","integer",28,8,20,28.57
"ca-cpe-disagg-annual","CAPCEPCFOOD_20181004","integer",28,7,21,25
"ca-cpe-disagg-annual","CAPCEPCFOOD_20191003","integer",28,6,22,21.43
"ca-cpe-disagg-annual","CAPCEPCFOOD_20201008","integer",28,5,23,17.86
"ca-cpe-disagg-annual","CAPCEPCFOOD_20211008","integer",28,4,24,14.29
"ca-cpe-disagg-annual","CAPCEPCFOOD_20221006","integer",28,3,25,10.71
"ca-cpe-disagg-annual","CAPCEPCFOOD_20231004","integer",28,2,26,7.14
"ca-cpe-disagg-annual","CAPCEPCFOOD_20241003","integer",28,1,27,3.57
"ca-cpe-disagg-annual","CAPCEPCFOOD_20250926","integer",28,0,28,0
"ca-cpe-disagg-annual","CAPCEPCFUR_20151201","integer",28,10,18,35.71
"ca-cpe-disagg-annual","CAPCEPCFUR_20161004","integer",28,9,19,32.14
"ca-cpe-disagg-annual","CAPCEPCFUR_20171004","integer",28,8,20,28.57
"ca-cpe-disagg-annual","CAPCEPCFUR_20181004","integer",28,7,20,25
"ca-cpe-disagg-annual","CAPCEPCFUR_20191003","integer",28,6,21,21.43
"ca-cpe-disagg-annual","CAPCEPCFUR_20201008","integer",28,5,23,17.86
"ca-cpe-disagg-annual","CAPCEPCFUR_20211008","integer",28,4,24,14.29
"ca-cpe-disagg-annual","CAPCEPCFUR_20221006","integer",28,3,25,10.71
"ca-cpe-disagg-annual","CAPCEPCFUR_20231004","integer",28,2,25,7.14
"ca-cpe-disagg-annual","CAPCEPCFUR_20241003","integer",28,1,26,3.57
"ca-cpe-disagg-annual","CAPCEPCFUR_20250926","integer",28,0,27,0
"ca-cpe-disagg-annual","CAPCEPCG_20151201","integer",28,10,18,35.71
"ca-cpe-disagg-annual","CAPCEPCG_20161004","integer",28,9,18,32.14
"ca-cpe-disagg-annual","CAPCEPCG_20171004","integer",28,8,19,28.57
"ca-cpe-disagg-annual","CAPCEPCG_20181004","integer",28,7,21,25
"ca-cpe-disagg-annual","CAPCEPCG_20191003","integer",28,6,22,21.43
"ca-cpe-disagg-annual","CAPCEPCG_20201008","integer",28,5,23,17.86
"ca-cpe-disagg-annual","CAPCEPCG_20211008","integer",28,4,24,14.29
"ca-cpe-disagg-annual","CAPCEPCG_20221006","integer",28,3,25,10.71
"ca-cpe-disagg-annual","CAPCEPCG_20231004","integer",28,2,26,7.14
"ca-cpe-disagg-annual","CAPCEPCG_20241003","integer",28,1,27,3.57
"ca-cpe-disagg-annual","CAPCEPCG_20250220","integer",28,1,27,3.57
"ca-cpe-disagg-annual","CAPCEPCG_20250926","integer",28,0,28,0
"ca-cpe-disagg-annual","CAPCEPCGAS_20151201","integer",28,10,18,35.71
"ca-cpe-disagg-annual","CAPCEPCGAS_20161004","integer",28,9,19,32.14
"ca-cpe-disagg-annual","CAPCEPCGAS_20171004","integer",28,8,20,28.57
"ca-cpe-disagg-annual","CAPCEPCGAS_20181004","integer",28,7,21,25
"ca-cpe-disagg-annual","CAPCEPCGAS_20191003","integer",28,6,22,21.43
"ca-cpe-disagg-annual","CAPCEPCGAS_20201008","integer",28,5,23,17.86
"ca-cpe-disagg-annual","CAPCEPCGAS_20211008","integer",28,4,24,14.29
"ca-cpe-disagg-annual","CAPCEPCGAS_20221006","integer",28,3,25,10.71
"ca-cpe-disagg-annual","CAPCEPCGAS_20231004","integer",28,2,26,7.14
"ca-cpe-disagg-annual","CAPCEPCGAS_20241003","integer",28,1,27,3.57
"ca-cpe-disagg-annual","CAPCEPCGAS_20250926","integer",28,0,28,0
"ca-cpe-disagg-annual","CAPCEPCGONPI_20151201","integer",28,10,18,35.71
"ca-cpe-disagg-annual","CAPCEPCGONPI_20161004","integer",28,9,19,32.14
"ca-cpe-disagg-annual","CAPCEPCGONPI_20171004","integer",28,8,20,28.57
"ca-cpe-disagg-annual","CAPCEPCGONPI_20181004","integer",28,7,21,25
"ca-cpe-disagg-annual","CAPCEPCGONPI_20191003","integer",28,6,22,21.43
"ca-cpe-disagg-annual","CAPCEPCGONPI_20201008","integer",28,5,23,17.86
"ca-cpe-disagg-annual","CAPCEPCGONPI_20211008","integer",28,4,24,14.29
"ca-cpe-disagg-annual","CAPCEPCGONPI_20221006","integer",28,3,25,10.71
"ca-cpe-disagg-annual","CAPCEPCGONPI_20231004","integer",28,2,26,7.14
"ca-cpe-disagg-annual","CAPCEPCGONPI_20241003","integer",28,1,27,3.57
"ca-cpe-disagg-annual","CAPCEPCGONPI_20250926","integer",28,0,28,0
"ca-cpe-disagg-annual","CAPCEPCHCE_20151201","integer",28,10,18,35.71
"ca-cpe-disagg-annual","CAPCEPCHCE_20161004","integer",28,9,19,32.14
"ca-cpe-disagg-annual","CAPCEPCHCE_20171004","integer",28,8,20,28.57
"ca-cpe-disagg-annual","CAPCEPCHCE_20181004","integer",28,7,21,25
"ca-cpe-disagg-annual","CAPCEPCHCE_20191003","integer",28,6,22,21.43
"ca-cpe-disagg-annual","CAPCEPCHCE_20201008","integer",28,5,23,17.86
"ca-cpe-disagg-annual","CAPCEPCHCE_20211008","integer",28,4,24,14.29
"ca-cpe-disagg-annual","CAPCEPCHCE_20221006","integer",28,3,25,10.71
"ca-cpe-disagg-annual","CAPCEPCHCE_20231004","integer",28,2,26,7.14
"ca-cpe-disagg-annual","CAPCEPCHCE_20241003","integer",28,1,27,3.57
"ca-cpe-disagg-annual","CAPCEPCHCE_20250220","integer",28,1,27,3.57
"ca-cpe-disagg-annual","CAPCEPCHCE_20250926","integer",28,0,28,0
"ca-cpe-disagg-annual","CAPCEPCHLTHCARE_20151201","integer",28,10,18,35.71
"ca-cpe-disagg-annual","CAPCEPCHLTHCARE_20161004","integer",28,9,19,32.14
"ca-cpe-disagg-annual","CAPCEPCHLTHCARE_20171004","integer",28,8,20,28.57
"ca-cpe-disagg-annual","CAPCEPCHLTHCARE_20181004","integer",28,7,21,25
"ca-cpe-disagg-annual","CAPCEPCHLTHCARE_20191003","integer",28,6,22,21.43
"ca-cpe-disagg-annual","CAPCEPCHLTHCARE_20201008","integer",28,5,23,17.86
"ca-cpe-disagg-annual","CAPCEPCHLTHCARE_20211008","integer",28,4,24,14.29
"ca-cpe-disagg-annual","CAPCEPCHLTHCARE_20221006","integer",28,3,25,10.71
"ca-cpe-disagg-annual","CAPCEPCHLTHCARE_20231004","integer",28,2,26,7.14
"ca-cpe-disagg-annual","CAPCEPCHLTHCARE_20241003","integer",28,1,27,3.57
"ca-cpe-disagg-annual","CAPCEPCHLTHCARE_20250220","integer",28,1,27,3.57
"ca-cpe-disagg-annual","CAPCEPCHLTHCARE_20250926","integer",28,0,28,0
"ca-cpe-disagg-annual","CAPCEPCHOUSUTL_20151201","integer",28,10,18,35.71
"ca-cpe-disagg-annual","CAPCEPCHOUSUTL_20161004","integer",28,9,19,32.14
"ca-cpe-disagg-annual","CAPCEPCHOUSUTL_20171004","integer",28,8,20,28.57
"ca-cpe-disagg-annual","CAPCEPCHOUSUTL_20181004","integer",28,7,21,25
"ca-cpe-disagg-annual","CAPCEPCHOUSUTL_20191003","integer",28,6,22,21.43
"ca-cpe-disagg-annual","CAPCEPCHOUSUTL_20201008","integer",28,5,23,17.86
"ca-cpe-disagg-annual","CAPCEPCHOUSUTL_20211008","integer",28,4,24,14.29
"ca-cpe-disagg-annual","CAPCEPCHOUSUTL_20221006","integer",28,3,25,10.71
"ca-cpe-disagg-annual","CAPCEPCHOUSUTL_20231004","integer",28,2,26,7.14
"ca-cpe-disagg-annual","CAPCEPCHOUSUTL_20241003","integer",28,1,27,3.57
"ca-cpe-disagg-annual","CAPCEPCHOUSUTL_20250220","integer",28,1,27,3.57
"ca-cpe-disagg-annual","CAPCEPCHOUSUTL_20250926","integer",28,0,28,0
"ca-cpe-disagg-annual","CAPCEPCLRPTSLSGSNPIS_20151201","integer",28,10,18,35.71
"ca-cpe-disagg-annual","CAPCEPCLRPTSLSGSNPIS_20161004","integer",28,9,19,32.14
"ca-cpe-disagg-annual","CAPCEPCLRPTSLSGSNPIS_20171004","integer",28,8,20,28.57
"ca-cpe-disagg-annual","CAPCEPCLRPTSLSGSNPIS_20181004","integer",28,7,21,25
"ca-cpe-disagg-annual","CAPCEPCLRPTSLSGSNPIS_20191003","integer",28,6,22,21.43
"ca-cpe-disagg-annual","CAPCEPCLRPTSLSGSNPIS_20201008","integer",28,5,23,17.86
"ca-cpe-disagg-annual","CAPCEPCLRPTSLSGSNPIS_20211008","integer",28,4,24,14.29
"ca-cpe-disagg-annual","CAPCEPCLRPTSLSGSNPIS_20221006","integer",28,3,25,10.71
"ca-cpe-disagg-annual","CAPCEPCLRPTSLSGSNPIS_20231004","integer",28,2,26,7.14
"ca-cpe-disagg-annual","CAPCEPCLRPTSLSGSNPIS_20241003","integer",28,1,27,3.57
"ca-cpe-disagg-annual","CAPCEPCLRPTSLSGSNPIS_20250220","integer",28,1,27,3.57
"ca-cpe-disagg-annual","CAPCEPCLRPTSLSGSNPIS_20250926","integer",28,0,28,0
"ca-cpe-disagg-annual","CAPCEPCNDURG_20151201","integer",28,10,18,35.71
"ca-cpe-disagg-annual","CAPCEPCNDURG_20161004","integer",28,9,19,32.14
"ca-cpe-disagg-annual","CAPCEPCNDURG_20171004","integer",28,8,20,28.57
"ca-cpe-disagg-annual","CAPCEPCNDURG_20181004","integer",28,7,21,25
"ca-cpe-disagg-annual","CAPCEPCNDURG_20191003","integer",28,6,22,21.43
"ca-cpe-disagg-annual","CAPCEPCNDURG_20201008","integer",28,5,23,17.86
"ca-cpe-disagg-annual","CAPCEPCNDURG_20211008","integer",28,4,24,14.29
"ca-cpe-disagg-annual","CAPCEPCNDURG_20221006","integer",28,3,25,10.71
"ca-cpe-disagg-annual","CAPCEPCNDURG_20231004","integer",28,2,26,7.14
"ca-cpe-disagg-annual","CAPCEPCNDURG_20241003","integer",28,1,27,3.57
"ca-cpe-disagg-annual","CAPCEPCNDURG_20250220","integer",28,1,27,3.57
"ca-cpe-disagg-annual","CAPCEPCNDURG_20250926","integer",28,0,28,0
"ca-cpe-disagg-annual","CAPCEPCODURG_20151201","integer",28,10,18,35.71
"ca-cpe-disagg-annual","CAPCEPCODURG_20161004","integer",28,9,19,32.14
"ca-cpe-disagg-annual","CAPCEPCODURG_20171004","integer",28,8,20,28.57
"ca-cpe-disagg-annual","CAPCEPCODURG_20181004","integer",28,7,21,25
"ca-cpe-disagg-annual","CAPCEPCODURG_20191003","integer",28,6,22,21.43
"ca-cpe-disagg-annual","CAPCEPCODURG_20201008","integer",28,5,23,17.86
"ca-cpe-disagg-annual","CAPCEPCODURG_20211008","integer",28,4,24,14.29
"ca-cpe-disagg-annual","CAPCEPCODURG_20221006","integer",28,3,24,10.71
"ca-cpe-disagg-annual","CAPCEPCODURG_20231004","integer",28,2,26,7.14
"ca-cpe-disagg-annual","CAPCEPCODURG_20241003","integer",28,1,27,3.57
"ca-cpe-disagg-annual","CAPCEPCODURG_20250926","integer",28,0,28,0
"ca-cpe-disagg-annual","CAPCEPCONDURG_20151201","integer",28,10,18,35.71
"ca-cpe-disagg-annual","CAPCEPCONDURG_20161004","integer",28,9,19,32.14
"ca-cpe-disagg-annual","CAPCEPCONDURG_20171004","integer",28,8,20,28.57
"ca-cpe-disagg-annual","CAPCEPCONDURG_20181004","integer",28,7,21,25
"ca-cpe-disagg-annual","CAPCEPCONDURG_20191003","integer",28,6,22,21.43
"ca-cpe-disagg-annual","CAPCEPCONDURG_20201008","integer",28,5,23,17.86
"ca-cpe-disagg-annual","CAPCEPCONDURG_20211008","integer",28,4,24,14.29
"ca-cpe-disagg-annual","CAPCEPCONDURG_20221006","integer",28,3,25,10.71
"ca-cpe-disagg-annual","CAPCEPCONDURG_20231004","integer",28,2,26,7.14
"ca-cpe-disagg-annual","CAPCEPCONDURG_20241003","integer",28,1,27,3.57
"ca-cpe-disagg-annual","CAPCEPCONDURG_20250926","integer",28,0,28,0
"ca-cpe-disagg-annual","CAPCEPCOSRV_20151201","integer",28,10,18,35.71
"ca-cpe-disagg-annual","CAPCEPCOSRV_20161004","integer",28,9,19,32.14
"ca-cpe-disagg-annual","CAPCEPCOSRV_20171004","integer",28,8,20,28.57
"ca-cpe-disagg-annual","CAPCEPCOSRV_20181004","integer",28,7,21,25
"ca-cpe-disagg-annual","CAPCEPCOSRV_20191003","integer",28,6,22,21.43
"ca-cpe-disagg-annual","CAPCEPCOSRV_20201008","integer",28,5,23,17.86
"ca-cpe-disagg-annual","CAPCEPCOSRV_20211008","integer",28,4,24,14.29
"ca-cpe-disagg-annual","CAPCEPCOSRV_20221006","integer",28,3,25,10.71
"ca-cpe-disagg-annual","CAPCEPCOSRV_20231004","integer",28,2,26,7.14
"ca-cpe-disagg-annual","CAPCEPCOSRV_20241003","integer",28,1,27,3.57
"ca-cpe-disagg-annual","CAPCEPCOSRV_20250926","integer",28,0,28,0
"ca-cpe-disagg-annual","CAPCEPCRECGD_20151201","integer",28,10,18,35.71
"ca-cpe-disagg-annual","CAPCEPCRECGD_20161004","integer",28,9,19,32.14
"ca-cpe-disagg-annual","CAPCEPCRECGD_20171004","integer",28,8,20,28.57
"ca-cpe-disagg-annual","CAPCEPCRECGD_20181004","integer",28,7,21,25
"ca-cpe-disagg-annual","CAPCEPCRECGD_20191003","integer",28,6,22,21.43
"ca-cpe-disagg-annual","CAPCEPCRECGD_20201008","integer",28,5,23,17.86
"ca-cpe-disagg-annual","CAPCEPCRECGD_20211008","integer",28,4,23,14.29
"ca-cpe-disagg-annual","CAPCEPCRECGD_20221006","integer",28,3,24,10.71
"ca-cpe-disagg-annual","CAPCEPCRECGD_20231004","integer",28,2,24,7.14
"ca-cpe-disagg-annual","CAPCEPCRECGD_20241003","integer",28,1,25,3.57
"ca-cpe-disagg-annual","CAPCEPCRECGD_20250926","integer",28,0,25,0
"ca-cpe-disagg-annual","CAPCEPCSRECSRV_20151201","integer",28,10,18,35.71
"ca-cpe-disagg-annual","CAPCEPCSRECSRV_20161004","integer",28,9,19,32.14
"ca-cpe-disagg-annual","CAPCEPCSRECSRV_20171004","integer",28,8,20,28.57
"ca-cpe-disagg-annual","CAPCEPCSRECSRV_20181004","integer",28,7,20,25
"ca-cpe-disagg-annual","CAPCEPCSRECSRV_20191003","integer",28,6,20,21.43
"ca-cpe-disagg-annual","CAPCEPCSRECSRV_20201008","integer",28,5,21,17.86
"ca-cpe-disagg-annual","CAPCEPCSRECSRV_20211008","integer",28,4,23,14.29
"ca-cpe-disagg-annual","CAPCEPCSRECSRV_20221006","integer",28,3,24,10.71
"ca-cpe-disagg-annual","CAPCEPCSRECSRV_20231004","integer",28,2,25,7.14
"ca-cpe-disagg-annual","CAPCEPCSRECSRV_20241003","integer",28,1,26,3.57
"ca-cpe-disagg-annual","CAPCEPCSRECSRV_20250926","integer",28,0,27,0
"ca-cpe-disagg-annual","CAPCEPCSRV_20151201","integer",28,10,18,35.71
"ca-cpe-disagg-annual","CAPCEPCSRV_20161004","integer",28,9,19,32.14
"ca-cpe-disagg-annual","CAPCEPCSRV_20171004","integer",28,8,20,28.57
"ca-cpe-disagg-annual","CAPCEPCSRV_20181004","integer",28,7,21,25
"ca-cpe-disagg-annual","CAPCEPCSRV_20191003","integer",28,6,22,21.43
"ca-cpe-disagg-annual","CAPCEPCSRV_20201008","integer",28,5,23,17.86
"ca-cpe-disagg-annual","CAPCEPCSRV_20211008","integer",28,4,24,14.29
"ca-cpe-disagg-annual","CAPCEPCSRV_20221006","integer",28,3,25,10.71
"ca-cpe-disagg-annual","CAPCEPCSRV_20231004","integer",28,2,26,7.14
"ca-cpe-disagg-annual","CAPCEPCSRV_20241003","integer",28,1,27,3.57
"ca-cpe-disagg-annual","CAPCEPCSRV_20250220","integer",28,1,27,3.57
"ca-cpe-disagg-annual","CAPCEPCSRV_20250926","integer",28,0,28,0
"ca-cpe-disagg-annual","CAPCEPCTRANS_20151201","integer",28,10,18,35.71
"ca-cpe-disagg-annual","CAPCEPCTRANS_20161004","integer",28,9,19,32.14
"ca-cpe-disagg-annual","CAPCEPCTRANS_20171004","integer",28,8,20,28.57
"ca-cpe-disagg-annual","CAPCEPCTRANS_20181004","integer",28,7,21,25
"ca-cpe-disagg-annual","CAPCEPCTRANS_20191003","integer",28,6,22,21.43
"ca-cpe-disagg-annual","CAPCEPCTRANS_20201008","integer",28,5,23,17.86
"ca-cpe-disagg-annual","CAPCEPCTRANS_20211008","integer",28,4,24,14.29
"ca-cpe-disagg-annual","CAPCEPCTRANS_20221006","integer",28,3,25,10.71
"ca-cpe-disagg-annual","CAPCEPCTRANS_20231004","integer",28,2,26,7.14
"ca-cpe-disagg-annual","CAPCEPCTRANS_20241003","integer",28,1,27,3.57
"ca-cpe-disagg-annual","CAPCEPCTRANS_20250926","integer",28,0,28,0
"ca-cpe-disagg-annual","CAPCEPCVEH_20151201","integer",28,10,18,35.71
"ca-cpe-disagg-annual","CAPCEPCVEH_20161004","integer",28,9,19,32.14
"ca-cpe-disagg-annual","CAPCEPCVEH_20171004","integer",28,8,20,28.57
"ca-cpe-disagg-annual","CAPCEPCVEH_20181004","integer",28,7,21,25
"ca-cpe-disagg-annual","CAPCEPCVEH_20191003","integer",28,6,22,21.43
"ca-cpe-disagg-annual","CAPCEPCVEH_20201008","integer",28,5,23,17.86
"ca-cpe-disagg-annual","CAPCEPCVEH_20211008","integer",28,4,23,14.29
"ca-cpe-disagg-annual","CAPCEPCVEH_20221006","integer",28,3,24,10.71
"ca-cpe-disagg-annual","CAPCEPCVEH_20231004","integer",28,2,25,7.14
"ca-cpe-disagg-annual","CAPCEPCVEH_20241003","integer",28,1,26,3.57
"ca-cpe-disagg-annual","CAPCEPCVEH_20250926","integer",28,0,27,0
"CA-exports-by-commodity-table-only","COMMODITY","character",36,0,36,0
"CA-exports-by-commodity-table-only","2002","character",36,0,33,0
"CA-exports-by-commodity-table-only","2003","character",36,0,34,0
"CA-exports-by-commodity-table-only","2004","character",36,0,34,0
"CA-exports-by-commodity-table-only","2005","character",36,0,34,0
"CA-exports-by-commodity-table-only","2006","character",36,0,34,0
"CA-exports-by-commodity-table-only","2007","character",36,0,34,0
"CA-exports-by-commodity-table-only","2008","character",36,0,34,0
"CA-exports-by-commodity-table-only","2009","character",36,0,34,0
"CA-exports-by-commodity-table-only","2010","character",36,0,34,0
"CA-exports-by-commodity-table-only","2011","character",36,0,34,0
"CA-exports-by-commodity-table-only","2012","character",36,0,33,0
"CA-exports-by-commodity-table-only","2013","character",36,0,33,0
"CA-exports-by-commodity-table-only","2014","character",36,0,33,0
"CA-exports-by-commodity-table-only","2015","character",36,0,33,0
"CA-exports-by-commodity-table-only","2016","character",36,0,33,0
"CA-exports-by-commodity-table-only","2017","character",36,0,33,0
"CA-exports-by-commodity-table-only","2018","character",36,0,33,0
"CA-exports-by-commodity-table-only","2019","character",36,0,33,0
"CA-exports-by-commodity-table-only","2020","character",36,0,33,0
"CA-exports-by-commodity-table-only","2021","character",36,0,33,0
"CA-exports-by-commodity-table-only","2022","character",36,0,34,0
"CA-exports-by-commodity-table-only","2023","character",36,0,34,0
"CA-FED-taxable_sales_collected","Year","numeric",20,0,20,0
"CA-FED-taxable_sales_collected","Amount_thousands_usd","numeric",20,0,20,0
"CA-PCE-annual-FRED-FED","observation_date","character",28,0,28,0
"CA-PCE-annual-FRED-FED","CAPCE","numeric",28,0,28,0
"CA-salestax-year-industry","Taxable Sales, by Type of Business (Taxable Table 1)","character",5426,0,18,0
"CA-salestax-year-industry","...2","character",5426,0,6,0
"CA-salestax-year-industry","...3","character",5426,0,5,0
"CA-salestax-year-industry","...4","character",5426,0,5,0
"CA-salestax-year-industry","...5","character",5426,0,69,0
"CA-salestax-year-industry","...6","character",5426,246,69,4.53
"CA-salestax-year-industry","...7","character",5426,0,18,0
"CA-salestax-year-industry","...8","character",5426,0,72,0
"CA-salestax-year-industry","...9","character",5426,0,56,0
"CA-salestax-year-industry","...10","character",5426,0,3444,0
"CA-salestax-year-industry","...11","character",5426,0,5426,0
"CA-salestax-year-industry","...12","character",5426,14,1100,0.26
"CA-salestax-year-industry","...13","character",5426,610,2465,11.24
"CA-salestax-year-industry","...14","character",5426,0,4710,0
"CA-taxable-sales-base","Taxable Sales, by Type of Business (Taxable Table 1)","character",5426,0,18,0
"CA-taxable-sales-base","...2","character",5426,0,6,0
"CA-taxable-sales-base","...3","character",5426,0,5,0
"CA-taxable-sales-base","...4","character",5426,0,5,0
"CA-taxable-sales-base","...5","character",5426,0,69,0
"CA-taxable-sales-base","...6","character",5426,246,69,4.53
"CA-taxable-sales-base","...7","character",5426,0,18,0
"CA-taxable-sales-base","...8","character",5426,0,72,0
"CA-taxable-sales-base","...9","character",5426,0,56,0
"CA-taxable-sales-base","...10","character",5426,0,3444,0
"CA-taxable-sales-base","...11","character",5426,0,5426,0
"CA-taxable-sales-base","...12","character",5426,0,1100,0
"CA-taxable-sales-base","...13","character",5426,610,2464,11.24
"CA-taxable-sales-base","...14","character",5426,0,4711,0
"CAINCTAX","observation_date","character",83,0,83,0
"CAINCTAX","CA_income_tax_thousands_of_dollars","integer",83,4,79,4.82
"CAPOP","observation_date","character",20,0,20,0
"CAPOP","CAPOP","numeric",20,0,20,0
"CAUR","observation_date","character",596,0,596,0
"CAUR","CAUR","numeric",596,0,90,0
"County_Expenditures_Per_Capita","Entity Name","character",1197,0,57,0
"County_Expenditures_Per_Capita","Fiscal Year","integer",1197,0,21,0
"County_Expenditures_Per_Capita","Total Expenditures","numeric",1197,0,1195,0
"County_Expenditures_Per_Capita","Estimated Population","integer",1197,0,1191,0
"County_Expenditures_Per_Capita","govt_exp_per_capita","integer",1197,0,946,0
"median-hh-income-CA","observation_date","character",19,0,19,0
"median-hh-income-CA","MHICA06001A052NCEN_20250515","integer",19,0,19,0
"median-hh-income-CA","MHICA06003A052NCEN_20250515","integer",19,0,19,0
"median-hh-income-CA","MHICA06005A052NCEN_20250515","integer",19,0,19,0
"median-hh-income-CA","MHICA06007A052NCEN_20250515","integer",19,0,19,0
"median-hh-income-CA","MHICA06009A052NCEN_20250515","integer",19,0,19,0
"median-hh-income-CA","MHICA06011A052NCEN_20250515","integer",19,0,19,0
"median-hh-income-CA","MHICA06013A052NCEN_20250515","integer",19,0,19,0
"median-hh-income-CA","MHICA06015A052NCEN_20250515","integer",19,0,19,0
"median-hh-income-CA","MHICA06017A052NCEN_20250515","integer",19,0,19,0
"median-hh-income-CA","MHICA06019A052NCEN_20250515","integer",19,0,19,0
"median-hh-income-CA","MHICA06021A052NCEN_20250515","integer",19,0,19,0
"median-hh-income-CA","MHICA06023A052NCEN_20250515","integer",19,0,19,0
"median-hh-income-CA","MHICA06025A052NCEN_20250515","integer",19,0,19,0
"median-hh-income-CA","MHICA06027A052NCEN_20250515","integer",19,0,19,0
"median-hh-income-CA","MHICA06029A052NCEN_20250515","integer",19,0,19,0
"median-hh-income-CA","MHICA06031A052NCEN_20250515","integer",19,0,19,0
"median-hh-income-CA","MHICA06033A052NCEN_20250515","integer",19,0,19,0
"median-hh-income-CA","MHICA06035A052NCEN_20250515","integer",19,0,19,0
"median-hh-income-CA","MHICA06037A052NCEN_20250515","integer",19,0,19,0
"median-hh-income-CA","MHICA06039A052NCEN_20250515","integer",19,0,19,0
"median-hh-income-CA","MHICA06041A052NCEN_20250515","integer",19,0,19,0
"median-hh-income-CA","MHICA06043A052NCEN_20250515","integer",19,0,19,0
"median-hh-income-CA","MHICA06045A052NCEN_20250515","integer",19,0,19,0
"median-hh-income-CA","MHICA06047A052NCEN_20250515","integer",19,0,19,0
"median-hh-income-CA","MHICA06049A052NCEN_20250515","integer",19,0,19,0
"median-hh-income-CA","MHICA06051A052NCEN_20250515","integer",19,0,19,0
"median-hh-income-CA","MHICA06053A052NCEN_20250515","integer",19,0,19,0
"median-hh-income-CA","MHICA06055A052NCEN_20250515","integer",19,0,19,0
"median-hh-income-CA","MHICA06057A052NCEN_20250515","integer",19,0,19,0
"median-hh-income-CA","MHICA06059A052NCEN_20250515","integer",19,0,19,0
"median-hh-income-CA","MHICA06061A052NCEN_20250515","integer",19,0,19,0
"median-hh-income-CA","MHICA06063A052NCEN_20250515","integer",19,0,19,0
"median-hh-income-CA","MHICA06065A052NCEN_20250515","integer",19,0,19,0
"median-hh-income-CA","MHICA06067A052NCEN_20250515","integer",19,0,19,0
"median-hh-income-CA","MHICA06069A052NCEN_20250515","integer",19,0,19,0
"median-hh-income-CA","MHICA06071A052NCEN_20250515","integer",19,0,19,0
"median-hh-income-CA","MHICA06073A052NCEN_20250515","integer",19,0,19,0
"median-hh-income-CA","MHICA06075A052NCEN_20250515","integer",19,0,19,0
"median-hh-income-CA","MHICA06077A052NCEN_20250515","integer",19,0,19,0
"median-hh-income-CA","MHICA06079A052NCEN_20250515","integer",19,0,19,0
"median-hh-income-CA","MHICA06081A052NCEN_20250515","integer",19,0,19,0
"median-hh-income-CA","MHICA06083A052NCEN_20250515","integer",19,0,19,0
"median-hh-income-CA","MHICA06085A052NCEN_20250515","integer",19,0,19,0
"median-hh-income-CA","MHICA06087A052NCEN_20250515","integer",19,0,19,0
"median-hh-income-CA","MHICA06089A052NCEN_20250515","integer",19,0,19,0
"median-hh-income-CA","MHICA06091A052NCEN_20250515","integer",19,0,19,0
"median-hh-income-CA","MHICA06093A052NCEN_20250515","integer",19,0,19,0
"median-hh-income-CA","MHICA06095A052NCEN_20250515","integer",19,0,19,0
"median-hh-income-CA","MHICA06097A052NCEN_20250515","integer",19,0,19,0
"median-hh-income-CA","MHICA06099A052NCEN_20250515","integer",19,0,19,0
"median-hh-income-CA","MHICA06101A052NCEN_20250515","integer",19,0,19,0
"median-hh-income-CA","MHICA06103A052NCEN_20250515","integer",19,0,19,0
"median-hh-income-CA","MHICA06105A052NCEN_20250515","integer",19,0,19,0
"median-hh-income-CA","MHICA06107A052NCEN_20250515","integer",19,0,19,0
"median-hh-income-CA","MHICA06109A052NCEN_20250515","integer",19,0,19,0
"median-hh-income-CA","MHICA06111A052NCEN_20250515","integer",19,0,19,0
"median-hh-income-CA","MHICA06113A052NCEN_20250515","integer",19,0,19,0
"median-hh-income-CA","MHICA06115A052NCEN_20250515","integer",19,0,19,0
"NSAIMP-census-share-consumption-imports","Year","integer",34,0,34,0
"NSAIMP-census-share-consumption-imports","share_imports_consumption","numeric",34,0,34,0
"SalesTaxRates","Effective Sales and Use Tax Rates","character",547,0,547,0
"SalesTaxRates","...2","character",547,5,33,0.91
"SalesTaxRates","...3","character",547,0,59,0
"SalesTaxRates","...4","character",547,0,3,0
"SalesTaxRates","...5","character",547,536,11,97.99
"SUTStateCollNoPermits","State Sales and Use Tax Collections and Number of Permits (Table 18)","character",93,0,93,0
"SUTStateCollNoPermits","...2","character",93,0,93,0
"SUTStateCollNoPermits","...3","character",93,0,10,0
"SUTStateCollNoPermits","...4","character",93,0,93,0
"SUTStateCollNoPermits","...5","character",93,0,85,0
"SUTStateCollNoPermits","...6","character",93,0,93,0
"SUTStateCollNoPermits","...7","character",93,92,1,98.92
"SUTStateCollNoPermits","...8","character",93,0,12,0
"SUTStateCollNoPermits","...9","character",93,0,19,0
